ID	CONTEXT	Achang_Longchuan	Atsi	Bola	Lashi	Maru	Old_Burmese	Rangoon	Xiandao	FREQUENCY	PROTO
1	i	m	m	m	m	m	m	m	m	24	*m	
2	i	l	l	l	l	l	l	l	l	18	*l	
3	i	p	p	p	p	p	p	p	p	16	*p	
4	i	ʂ	ʃ	ʃ	ʃ	ʃ	s	tθ	ʂ	12	*ʃ	
5	i	m̥	m	m	m	m	m	m	m̥	2	*m	
6	i	nʲ	m	m	m	m	m	m	n	2	m	
7	i	t	t	t	t	t	t	t	t	12	*t	
8	i	n	n	n	n	n	n	n	n	11	*n	
9	i	k	k	k	k	k	k	k	k	10	*k	
10	i	k	k	k	k	k	k	tɕ	k	2	*k	
11	i	x	kʰ	kʰ	kʰ	kʰ	kʰ	kʰ	x	10	*kʰ	
12	i	Ø	kʰ	kʰ	Ø	kʰ	kʰ	tɕʰ	Ø	2	*kʰ	
13	i	x	kʰ	kʰ	kʰ	kʰ	kʰ	tɕʰ	cʰ	2	*kʰ	
14	i	ʂ	s	s	s	s	s	tθ	ʂ	10	s	
15	i	s	s	s	s	s	s	tθ	s	5	*s	
16	i	ŋ	ŋ	ŋ	ŋ	ŋ	ŋ	ŋ	ŋ	9	*ŋ	
17	i	tɕʰ	kʰ	kʰ	kʰ	kʰ	kʰ	tɕʰ	cʰ	2	*kʰ	
18	i	x	kʰ	kʰ	kʰ	kʰ	kʰ	kʰ	f	2	*kʰ	
19	i	ts	ts	t	ts	ts	s	tθ	ts	7	*ts	
20	i	n̥	ŋ	ŋ	ŋ	ŋ	n̥	n̥	n̥	3	n̥	
21	i	n̥ʲ	n	n	n	n	n̥	n̥	n̥	4	*n	
22	i	ts	tʃ	tʃ	tʃ	tʃ	Ø	s	cʰ	7	*tʃ	
23	i	tʰ	tʰ	tʰ	tʰ	tʰ	tʰ	tʰ	tʰ	7	*tʰ	
24	i	Ø	k	k	k	k	kʰ	tɕʰ	kʰ	2	k	
25	i	tɕ	k	k	k	k	Ø	tɕ	ɕ	2	k	
26	i	ʐ	v	ɣ	k	ɣ	r	j	ʐ	6	*k	
27	i	Ø	v	ɣ	j	ɣ	r	j	Ø	2	*r	
28	i	nʲ	ŋ	ŋ	ŋ	ŋ	nʲ	Ø	ɲ	2	*ŋ	
29	i	n	ŋ	ŋ	ŋ	ŋ	n	n	-	2	ŋ	
30	i	tɕʰ	ʃ	ʃ	ʃ	ʃ	Ø	s	Ø	2	ʃ	
31	i	s	Ø	t	ts	ts	ts	s	ʂ	2	*ts	
32	i	s	x	x	ʃ	x	r̥	ɕ	s	5	*ʃ	
33	i	pʰ	p	p	p	p	pʰ	pʰ	pʰ	2	pʰ	
34	i	-	j	j	j	j	-	-	-	5	*j	
35	i	-	j	j	j	j	l	j	j	3	*l	
36	i	Ø	p	pʰ	p	pʰ	p	p	Ø	3	p	
37	i	-	v	v	w	v	w	w	-	4	v	
38	i	x	x	Ø	x	x	Ø	Ø	x	4	*x	
39	i	n	ŋ	ŋ	ŋ	n	n	n	Ø	2	n	
40	i	ʑ	j	j	j	j	rj	j	j	2	j	
41	i	ʐ	v	ɣ	w	-	r	Ø	ʐ	2	ʐ	
42	i	v	v	v	v	v	w	w	v	2	*w	
43	i	pʰ	pʰ	pʰ	pʰ	pʰ	pʰ	pʰ	pʰ	3	*pʰ	
44	i	s	ʃ	Ø	s	ʃ	Ø	Ø	s	2	*ʃ	
45	i	tɕʰ	tsʰ	tʃʰ	tʃʰ	tʃʰ	tsʰ	sʰ	Ø	3	*tʃʰ	
46	i	tɕʰ	tsʰ	tʰ	tsʰ	tsʰ	tsʰ	sʰ	cʰ	2	tsʰ	
47	i	xʐ	x	-	j	ɣ	r	j	xʐ	2	xʐ	
48	i	n	n	n	n	n	nʲ	Ø	n	1	*nʲ	
49	i	m	m	m	m	m	m	m	m̥	1	*m	
50	i	nʲ	ŋ	ŋ	Ø	n	n	n	n	1	*ŋ	
51	i	Ø	ŋ	n	n	n	Ø	Ø	Ø	1	n	
52	i	-	-	ŋ	ŋ	ŋ	-	-	-	1	-	
53	i	ʑ	j	j	j	j	j	j	j	1	j	
54	i	Ø	Ø	Ø	pʰ	pʰ	pʰ	pʰ	p	1	pʰ	
55	i	nʲ	m	m	m	m	m	m	ɲ	1	m	
56	i	ŋ	ŋ	ŋ	-	ŋ	ŋ	ŋ	ŋ	1	ŋ	
57	i	nʲ	m	m	m	m	m	m	nʲ	1	m	
58	i	Ø	Ø	f	f	f	Ø	Ø	Ø	1	*f	
59	i	l	n	n	n	n	n	n	n	1	n	
60	i	Ø	ʃ	s	Ø	s	Ø	Ø	Ø	1	*ʃ	
61	i	l̥	l	l	l	l	Ø	Ø	n	1	l	
62	i	n̥	n	n	n	n	Ø	Ø	Ø	1	*n	
63	i	ʐ	l	l	l	l	l	l	l	1	l	
64	i	k	Ø	Ø	Ø	Ø	kʰ	kʰ	k	1	k	
65	i	l	l	l	l	l	l	l	l̥	1	*l	
66	i	nʲ	Ø	ŋ	ŋ	ŋ	ŋ	ŋ	ɲ	1	*ŋ	
67	i	l̥	l	l	l	l	l̥	ɬ	l	1	*l	
68	i	n	n	n	n	n	n	n	n̥	1	*n	
69	i	l	l	l	l	l	k	tɕ	l	1	l	
70	i	Ø	Ø	tʃ	ts	tʃ	Ø	Ø	Ø	1	*tʃ	
71	i	x	kʰ	tʃʰ	kʰ	kʰ	kʰ	kʰ	x	1	*kʰ	
72	i	Ø	-	-	w	-	Ø	Ø	-	1	-	
73	i	tɕ	ts	t	ts	ts	Ø	Ø	c	1	ts	
74	i	-	v	v	ɣ	v	w	w	-	1	v	
75	i	t	l	t	t	t	t	t	t	1	t	
76	i	Ø	n	s	Ø	s	Ø	Ø	Ø	1	s	
77	i	tsʰ	tʃʰ	tʃʰ	tʃʰ	tʃʰ	Ø	sʰ	tsʰ	1	*tʃʰ	
78	i	m	m	m	m	p	l	l	m	1	m	
79	i	ɕ	ʃ	ʃ	ʃ	ʃ	r̥	ɕ	ç	1	ʃ	
80	i	Ø	t	tʃ	tʃ	tʃ	ts	s	c	1	*tʃ	
81	i	Ø	Ø	t	t	t	Ø	Ø	tʂ	1	t	
82	i	k	k	k	k	ɣ	k	tɕ	k	1	*k	
83	i	ŋ̊	ŋ	ŋ	ŋ	ŋ	n̥	n̥	ŋ̊	1	*ŋ	
84	i	s	s	ʃ	s	ʃ	s	tθ	s	1	*ʃ	
85	i	l̥	l	l	l	l	l	l	l	1	*l	
86	i	m̥	ŋ	ŋ	ŋ	ŋ	ŋ̊	ŋ̊	ŋ̊	1	ŋ	
87	i	k	Ø	ɣ	k	ɣ	k	tɕ	k	1	*k	
88	i	Ø	Ø	tʰ	tsʰ	Ø	Ø	Ø	tsʰ	1	*tsʰ	
89	i	n	m	Ø	m	m	Ø	m	n̥	1	m	
90	i	tɕʰ	ts	ts	ts	ts	tsʰ	sʰ	cʰ	1	ts	
91	i	n	n	n	ŋ	n	Ø	Ø	n	1	n	
92	i	Ø	m	Ø	m	m̥	Ø	m̥	Ø	1	*m	
93	i	t	Ø	Ø	t	t	tʰ	t	t	1	t	
94	i	Ø	tsʰ	tsʰ	tsʰ	tsʰ	tsʰ	sʰ	Ø	1	*tsʰ	
95	i	nʲ	ŋ	n	ŋ	n	n	n̥	n	1	*ŋ	
96	i	ɕ	ʃ	ʃ	j	ʃ	l̥	ɕ	ç	1	ʃ	
97	i	ŋ	ŋ	ŋ	ŋ	ŋ	ŋ	ŋ	ŋ̊	1	*ŋ	
98	i	Ø	pʰ	p	p	p	p	Ø	pʰ	1	p	
99	i	ts	tʃ	tʃ	tʃ	tʃ	Ø	t	ts	1	*tʃ	
100	i	Ø	j	n	j	ŋ	Ø	Ø	ɲ̊	1	j	
101	i	-	v	v	v	v	w	w	-	1	v	
102	i	Ø	Ø	k	k	k	kʰ	kʰ	x	1	k	
103	i	s	s	s	s	s	s	tθ	ʂ	1	s	
104	i	n̥ʲ	j	j	ŋ	j	Ø	Ø	ɲ̊	1	j	
105	i	kʰ	k	k	k	k	Ø	Ø	kʰ	1	k	
106	i	kʰ	k	k	k	k	k	tɕ	tsʰ	1	*k	
1	m	-	j	j	j	j	-	-	-	16	*j	
2	m	-	j	j	j	j	r	-	-	2	*r	
3	m	Ø	j	j	Ø	j	j	-	Ø	2	*j	
4	m	-	j	-	j	j	-	-	-	6	*j	
5	m	-	j	j	j	j	j	j	-	3	*j	
6	m	ʐ	j	j	j	j	r	-	ʐ	5	*r	
7	m	ʐ	j	j	j	j	r	j	ʐ	3	*r	
8	m	ʐ	j	j	j	j	r	-	-	2	*r	
9	m	-	-	-	-	-	-	w	-	9	-	
10	m	u	-	-	-	-	-	Ø	-	2	-	
11	m	-	j	j	j	-	-	-	-	3	*j	
12	m	-	-	-	j	-	Ø	Ø	-	2	*j	
13	m	-	j	-	j	-	-	-	-	2	*j	
14	m	u	-	-	-	-	-	-	-	3	-	
15	m	u	-	-	j	-	-	-	-	2	-	
16	m	Ø	j	-	-	-	Ø	Ø	Ø	2	*j	
17	m	-	-	-	-	-	j	-	-	4	*j	
18	m	ʐ	-	-	j	-	r	w	ʐ	2	-	
19	m	ʐ	-	-	-	-	rj	j	-	2	-	
20	m	-	j	-	j	j	l	j	-	1	*l	
21	m	Ø	-	j	-	j	Ø	Ø	-	1	*j	
22	m	ʐ	j	j	j	j	l	j	-	1	j	
23	m	-	j	-	-	j	-	-	-	1	*j	
24	m	Ø	-	Ø	Ø	-	-	ɑ	Ø	1	-	
25	m	-	-	-	u	-	-	-	-	1	-	
26	m	ʐ	-	-	j	-	r	-	-	1	*r	
27	m	Ø	-	-	Ø	ɤ	Ø	Ø	Ø	1	-	
28	m	ʐ	j	j	j	j	l	j	ʐ	1	j	
29	m	Ø	j	-	j	j	r	j	Ø	1	*r	
30	m	-	-	-	-	-	l	-	-	1	-	
1	M	u	-	-	-	-	-	-	-	1	-	
1	n	a	a	a	a	a	a	ɑ	a	17	*a	
2	n	Ø	o	a	o	ɔ	a	ɑ	Ø	7	o	
3	n	ɔ	o	a	ɔ	ɔ	a	ɛ	ɔ	11	ɔ	
4	n	a	o	a	o	ɔ	a	ɑ	ɔ	3	a	
5	n	a	a	Ø	a	ɛ̰	Ø	Ø	a	2	a	
6	n	ɔ	o	a	o	ɔ	a	ɑ	ɔ	4	ɔ	
7	n	Ø	a	a	a̰	ɔ	Ø	Ø	Ø	2	a	
8	n	ɔ	o	a	ɔː	ɔ	a	ɛ	ɔ	6	ɔ	
9	n	ɔ	o	a	ɔː	ɔ	a	ɑ	ɔ	2	ɔ	
10	n	Ø	u	a	u	ɔ	Ø	Ø	Ø	2	u	
11	n	a	i	Ø	ɛ	Ø	Ø	Ø	a	2	a	
12	n	Ø	a	ɛ	a	ɛ	Ø	Ø	Ø	3	a	
13	n	Ø	i	a	ə	a	Ø	Ø	Ø	2	a	
14	n	a	a	a	o	u	Ø	Ø	a	2	a	
15	n	Ø	a	ɔ̃	a	ɔ̃	Ø	Ø	Ø	2	a	
16	n	a	a	a	o	u	ə	o	a	5	a	
17	n	a	a	ɔ̃	aː	ɔ̃	Ø	Ø	a	2	a	
18	n	a	a	ɛ̃	aː	a	Ø	Ø	Ø	2	a	
19	n	a	u	u	aː	u	Ø	Ø	Ø	3	u	
20	n	Ø	a	ă	ă	Ø	a	Ø	a	2	a	
21	n	a	a	ɔ̃	a	ɔ̃	a	ĩ	ɔ	5	a	
22	n	ə	i	a	əː	a	a	i	ɤ	5	a	
23	n	u	o	a	ṵ	ɔ	Ø	Ø	o	2	o	
24	n	u	Ø	a	Ø	Ø	u	o	u	3	u	
25	n	u	u	a	u	a	Ø	Ø	u	3	u	
26	n	Ø	i	a	e	a	Ø	Ø	i	2	i	
27	n	a	a	Ø	a	Ø	u	u	a	2	a	
28	n	Ø	ŏ	ă	ŏ	ɔ̆	Ø	ɑ	Ø	3	ŏ	
29	n	a	a	ɛ	a	ɛ	Ø	ɛ	a	2	a	
30	n	Ø	e	ɛ	a̰ː	ɛ	Ø	Ø	a	2	ɛ	
31	n	i	i	i	i	i	i	i	i	6	*i	
32	n	Ø	Ø	u	o	u	ə	o	Ø	2	u	
33	n	a	ĕ	ɛ	Ø	ɛ	a	a	a	2	a	
34	n	u	u	u	u	a	u	e	u	4	u	
35	n	i	Ø	ɛ	Ø	ɛ	i	e	n	2	i	
36	n	u	u	a	u	a	i	e	o	2	u	
37	n	a	a	a	aː	u	ə	o	a	2	a	
38	n	o	a	ɛ	a	ɛ	i	i	a	2	a	
39	n	e	e	Ø	Ø	Ø	i	i	ɛ	2	e	
40	n	a	a̰	ɛ̰̃	a̰	a̰	a	ĩ	a	4	a	
41	n	a	ṵ	a	ɔ̰	a	a	ɛ	Ø	2	a	
42	n	o	o	ɔ	Ø	u	o	ɑ̃	Ø	3	o	
43	n	o	o	ɔ	ĭ	u	o	ɛ	o	2	o	
44	n	i	a̰	ɛ̰	a̰ː	ɛ̰	Ø	i	ɛ	4	i	
45	n	Ø	ṵ	a̰	ṵː	a̰	ʊ	ɑ	Ø	3	a̰	
46	n	Ø	ṵ	a̰	ɔ̰	a̰	Ø	õ	Ø	3	a̰	
47	n	u	u	a	ɔ	a	u	õ	u	2	u	
48	n	Ø	a	ɛ̃	a	ɛ̃	a	ɑ̃	Ø	2	a	
49	n	Ø	ṵ	a̰	ṵ	a̰	Ø	Ø	Ø	2	ṵ	
50	n	Ø	a	ɛ̃	a	ə	o	ĩ	a	2	a	
51	n	Ø	ḛ	ṵ	e	a̰	u	u	Ø	2	u	
52	n	i	e	a	ɛː	a	a	ɛ	ɛ	2	a	
53	n	Ø	u	ə	e	ə	i	e	Ø	2	ə	
54	n	ə	ḭ	ḭ	ḭː	ḭ	Ø	Ø	ɤ	2	ḭ	
55	n	o	u	ɔ̰	ɔ̰	a̰	u	Ø	ɔ	2	u	
56	n	u	u	u	uː	a	u	u	u	2	u	
57	n	e	e	a	e	ɛ	a	ɛ	Ø	2	e	
58	n	ɿ	u	u	e	a	i	e	ɿ	2	ɿ	
59	n	u	e	a	əː	a	a	i	ɛ	2	a	
60	n	ɔ	a	a̰	ɑ	ɔ̰	a	ɑ	Ø	2	*a	
61	n	Ø	a	ə̆	o	ə̆	u	ɑ	Ø	2	ə̆	
62	n	u	a	a	o	u	u	e	u	2	u	
63	n	a	i	ɔ	ɛ̰	i	a	ɑ̃	a	2	a	
64	n	a	a̰	i	ḛ	ɔ̆	a	ĩ	Ø	2	a	
65	n	a	i	a	ə̰	a̰	a	i	ɯ	2	a	
66	n	e	ə	ɛ	ə	ø	ə	o	ɛ	2	ə	
67	n	ɿ	o	ɔ	o	ɔ	i	e	o	2	o	
68	n	a	ṵ	ɔ̰	ṵː	a̰	ʊ	ɑ̃	ɔ	2	a	
69	n	o	a	ɔ	ɔ	Ø	o	ũ	o	2	o	
70	n	Ø	i	ḭ	ə̰	Ø	Ø	Ø	Ø	2	i	
71	n	u	o	ø̃	uː	u	o	ũ	u	2	u	
72	n	ă	ŏ	ă	o	ɔ̆	Ø	Ø	ɔ	2	ă	
73	n	ɔ	o̰	a̰	ɔ̰	ɔ̰	a	ɛ	ɔ	2	ɔ	
74	n	ə	i	ɿ	ɿ	i	i	i	ɿ	2	i	
75	n	o	a	ɛ̃	o	ɛ	o	ɛ	o	2	o	
76	n	o	u	a	u	a	ʊ	ɑ	u	1	u	
77	n	i	i	ə	ə̰	a	Ø	e	a	1	i	
78	n	i	i	i	ḭ	i	i	e	i	1	i	
79	n	ɔ	i	i	Ø	a	i	e	a	1	i	
80	n	ə	i	a	ə̰	a	a	i	Ø	1	a	
81	n	Ø	o̰	ɛ̃	ə̰ː	ɛ̰̃	Ø	Ø	Ø	1	o̰	
82	n	a	a	ɛ̰	a̰	ɛ̰	a	ɑ	a	1	a	
83	n	i	i	i	e	a	i	e	Ø	1	i	
84	n	Ø	o	Ø	o	o	a	ɑ	ɔ	1	o	
85	n	a	a	ɛ	aː	ɛ	a	ɑ	a	1	a	
86	n	a	i	u	o	u	ə	o	a	1	a	
87	n	a	Ø	Ø	ḭ	ḭ	i	e	ɛ	1	ḭ	
88	n	Ø	Ø	ɿ	eː	i	i	e	ɿ	1	ɿ	
89	n	Ø	Ø	ø̰	ṵ	ø̰	Ø	Ø	Ø	1	ø̰	
90	n	ɔ	o	a	ŋ	ɔ	a	ɑ	ɔ	1	ɔ	
91	n	e	e	ɛ	ɛː	a	i	e	ɛ	1	e	
92	n	Ø	a̰	a	o̰	ṵ	Ø	Ø	Ø	1	a̰	
93	n	ə	i	a	ə̰ː	a̰	a	i	ɯ	1	i	
94	n	i	i	a	i	a	a	ɛ	i	1	i	
95	n	a	o	a	ɔː	ɔ	a	ɑ	ɔ	1	a	
96	n	ə	i	a	ə̰	a	a	ɛ	ɯ	1	a	
97	n	Ø	a̰	ɔ̰̃	a̰	ɔ̰̃	a	ĩ	a	1	a̰	
98	n	u	u	ɔ	uː	a̰	u	o	u	1	u	
99	n	i	i	a	ə	a	Ø	Ø	i	1	i	
100	n	ɔ	o	ɔ̰	ɔ̰	ɔ̰	Ø	Ø	Ø	1	ɔ̰	
101	n	ə	e	a	eː	i	a	ɑ	ɔ	1	a	
102	n	ɔ	o̰	ɛ̰̃	o̰	ɔ̰	a	ɑ	ɔ	1	ɔ	
103	n	Ø	Ø	ɛ̰̃	aː	ɛ̃	Ø	ɑ̃	Ø	1	ɛ̰̃	
104	n	i	e	a	ɛ	a	Ø	ɑ	ɛ	1	a	
105	n	i	a̰	ṵ	ḛ	a̰	i	e	a	1	i	
106	n	Ø	u	u	ə	ɔ	Ø	Ø	Ø	1	u	
107	n	ə	i	a	ə̰ː	a	a	e	ɤ	1	a	
108	n	i	i	i	e	i	i	e	i	1	i	
109	n	Ø	a	ɛ̃	a̰	a	Ø	Ø	a	1	a	
110	n	Ø	o̰	Ø	Ø	ɔ	ʊ	u	Ø	1	o̰	
111	n	Ø	a̰	ɔ̰̃	a̰	ɔ̃	Ø	Ø	Ø	1	a̰	
112	n	i	ŏ	ə̆	ə̆	ə̆	a	ɑ	a	1	ə̆	
113	n	ɔ	o	a	ɔ̰ː	ɔ	a	ɛ	ɔ	1	ɔ	
114	n	ɔ	ŏ̰	a̰	ɑ̰	ɔ̰	a	a	ă	1	a	
115	n	Ø	i	i	eː	i	i	e	Ø	1	i	
116	n	Ø	i	ɔ	iː	i	Ø	Ø	Ø	1	i	
117	n	i	ŏ	ă	ŏ	ɔ̆	Ø	Ø	Ø	1	ŏ	
118	n	ɔ	o	a	ə̆	ɔ	a	ɑ	ɔ̆	1	ɔ	
119	n	u	u	ø	u	ɔ	u	e	u	1	u	
120	n	Ø	o	u	a	Ø	Ø	Ø	Ø	1	o	
121	n	o	ṵ	ɔ̰	a̰	a̰	u	o	u	1	o	
122	n	u	u	a	u	a	ʊ	ɑ̃	u	1	u	
123	n	u	ṵ	a	ɔ	a	u	õ	u	1	u	
124	n	Ø	i	i	e	i	Ø	e	n	1	i	
125	n	Ø	a̰	ɛ̰̃	a̰	a̰	a	ɪ̃	Ø	1	a̰	
126	n	a	a	i	o	u	ə	o	a	1	a	
127	n	o	a	a	o	ɔ	a	ɑ	o	1	o	
128	n	Ø	u	ə̆	ə̆	ɔ̆	u	õ	Ø	1	u	
129	n	u	a	ɔ̃	a	ɔ̃	Ø	Ø	o	1	a	
130	n	Ø	u	ṵ	o̰	a	Ø	Ø	u	1	u	
131	n	a	Ø	a	i	ɔ	Ø	i	a	1	a	
132	n	o	u	u	ɿ	ɔ	Ø	Ø	u	1	u	
133	n	o	u	ɛ	əː	a	a	ɛ	u	1	u	
134	n	a	ă	a	a	a	a	i	a	1	a	
135	n	i	i	i	e	u	Ø	Ø	i	1	i	
136	n	a	e	ɛ	ɛ̰	ɛ	Ø	Ø	a	1	a	
137	n	a	a	ɛ̃	a̰	ɛ̃	Ø	Ø	Ø	1	a	
138	n	a	u	u	aː	u	ə	Ø	a	1	u	
139	n	Ø	Ø	ɛ̃	ə̰	ɛ̃	Ø	ĩ	Ø	1	ɛ̃	
140	n	i	ṵ	a̰	ɔ̰	a̰	i	e	i	1	i	
141	n	Ø	a̰	ɔ̃	a̰	ɔ̃	Ø	Ø	Ø	1	a̰	
142	n	e	i	ɔ	ɛ	i	Ø	ɑ̃	ɛ	1	i	
143	n	i	i	ə	e	i	i	e	i	1	i	
144	n	e	i	ɛ	ɛ̰	ɛ	a	i	ɛ	1	ɛ	
145	n	a	a̰	ɔ̰̃	a̰ː	ɔ̃	a	ĩ	a	1	a	
146	n	Ø	ḛ	ɔ̰	ṵː	ṵ	ə	o	o	1	o	
147	n	Ø	e	ø	yː	ø	Ø	Ø	Ø	1	ø	
148	n	Ø	o	ə̆	ɔː	ɔ	Ø	Ø	Ø	1	o	
149	n	ə	o̰	ɔ̰	iː	ə	i	i	ɯ	1	ə	
150	n	Ø	ĕ	ə̆	u	ə̆	Ø	Ø	Ø	1	ə̆	
151	n	o	ṵ	ṵ	ə̰	ɔ̰	Ø	Ø	u	1	ṵ	
152	n	ă	ă	a	ə̆	ɔ	aj	ɛ	a	1	ă	
153	n	u	u	ṵ	u	a̰	Ø	u	u	1	u	
154	n	i	a	i	e	a	i	e	a	1	i	
155	n	o	u	u	uː	u	u	u	u	1	u	
156	n	o	ṵ	ɔ̰	ɔ̰	a̰	u	o	u	1	o	
157	n	a	u	a	a	ɔ̃̆	Ø	Ø	ɔ	1	a	
158	n	ə	i	a	ə	a	a	ɛ	ɯ	1	a	
159	n	a	a	ɛ̰	a̰ː	ɛ̰	a	ɑ	a	1	a	
160	n	e	ṵ	a̰	ṵː	a	i	e	i	1	e	
161	n	Ø	a̰	ɔ̰̃	aː	ɔ̃	Ø	Ø	Ø	1	a̰	
162	n	i	u	a	u	a	Ø	ɑ	u	1	u	
163	n	ə	i	a	əː	a	a	e	ɯ	1	a	
164	n	i	i	ɔ̰	ɛ̰	a̰	a	i	i	1	i	
165	n	ɔ	o	a	o̰	ɔ	a	ɑ	ɔ	1	ɔ	
166	n	e	Ø	ɔ̆	ə	ø	Ø	o	ɛ	1	e	
167	n	a	ŏ	ə̆	ə̆	ə̆	a	ɑ	ɔ̆	1	ə̆	
168	n	i	i	ɿ	e	i	Ø	ɑ̃	i	1	i	
169	n	Ø	i	i	i	i	Ø	ẽ	Ø	1	i	
170	n	Ø	o	ə̆	o	ɔ̆	Ø	ɑ	Ø	1	o	
171	n	Ø	a	u	a	ɔ̃	Ø	Ø	ɔ	1	a	
172	n	o	a	a	u	ɔ	a	ɛ	o	1	a	
173	n	Ø	Ø	ə	iː	ə	a	i	Ø	1	ə	
174	n	o	o	ɔ	ɔ̰ː	u	Ø	ɑ	o	1	o	
175	n	a	a	ɔ̃	aː	ɔ̃	a	ĩ	a	1	a	
176	n	ə	i	a	ə̰	a̰	Ø	Ø	ɯ	1	ə	
177	n	Ø	Ø	a	uː	a	ʊ	ɑ	Ø	1	a	
178	n	Ø	Ø	ă	ŏ	ŏ	Ø	Ø	Ø	1	ŏ	
179	n	ɔ	a	ă	ŏ	ɔ̆	Ø	ɑ	ɔ	1	ɔ	
180	n	i	a	i	aː	a	i	e	a	1	i	
181	n	Ø	ṵ	ɔ̰	Ø	ṵ	Ø	Ø	Ø	1	ṵ	
182	n	a	a̰	ɔ̃	a	ɔ̃	Ø	Ø	a	1	a	
183	n	i	ṵ	a̰	ɔ̰	a̰	i	ẽ	i	1	i	
184	n	ə	i	ɔ̰	ḭː	ḭ	Ø	Ø	a	1	ə	
185	n	ɔ	o	a	ə̆	o	a	ɑ	ɔ	1	ɔ	
186	n	a	e	ɛ	ɛː	ɛ	i	i	a	1	a	
187	n	a	ḭ	a̰	ə̰	a̰	a	ɑ	ɔ	1	a	
188	n	Ø	u	Ø	əː	u	Ø	Ø	Ø	1	u	
189	n	ə	ḭ	ḭ	ḭ	ḭ	a	ɛ	i	1	ḭ	
1	N	-	-	u	-	u	-	u	-	12	-	
2	N	u	u	u	u	-	-	-	u	12	u	
3	N	i	-	Ø	-	Ø	Ø	Ø	i	2	i	
4	N	-	-	-	i	-	-	-	-	8	-	
5	N	-	i	i	i	-	-	-	Ø	7	-	
6	N	i	i	i	i	-	-	-	i	2	i	
7	N	u	i	-	u	-	-	-	u	4	-	
8	N	u	i	i	-	i	-	Ø	u	4	i	
9	N	a	-	-	Ø	-	-	-	-	2	-	
10	N	-	Ø	i	-	i	-	-	-	3	-	
11	N	-	i	i	-	-	-	-	-	3	-	
12	N	u	-	i	-	-	-	-	-	2	-	
13	N	i	i	i	-	i	Ø	Ø	i	2	i	
14	N	-	-	i	-	i	Ø	-	-	2	-	
15	N	-	-	-	-	u	-	-	-	5	-	
16	N	-	-	-	i	-	-	i	-	2	-	
17	N	-	i	-	i	-	-	-	i	2	-	
18	N	i	i	-	-	i	-	-	i	3	i	
19	N	u	u	-	u	-	-	-	u	2	u	
20	N	i	u	u	u	-	-	-	i	2	u	
21	N	-	-	-	Ø	-	-	-	i	1	-	
22	N	-	-	i	i	-	-	-	-	1	-	
23	N	-	-	i	-	-	Ø	-	i	1	-	
24	N	u	-	-	u	-	-	-	u	1	-	
25	N	Ø	-	Ø	i	i	Ø	Ø	Ø	1	i	
26	N	-	i	i	i	-	-	-	i	1	-	
27	N	-	-	u	-	-	Ø	Ø	-	1	-	
1	c	ʔ	ʔ	ʔ	ʔ	ʔ	k	ʔ	ʔ	21	*k	
2	c	-	-	-	-	k	j	-	-	19	*k	
3	c	-	-	-	-	-	j	-	-	13	*j	
4	c	-	-	-	-	k	w	-	-	7	-	
5	c	ŋ	ŋ	∼	ŋ	∼	ŋ	∼	ŋ	15	ŋ	
6	c	ʔ	-	-	-	k	Ø	-	-	5	*k	
7	c	ŋ	ŋ	ŋ	ŋ	ŋ	nʲ	-	ŋ	14	ŋ	
8	c	Ø	Ø	ʔ	ʔ	ʔ	-	ʔ	Ø	3	*ʔ	
9	c	ʔ	-	-	-	-	j	-	-	3	*j/ʔ	
10	c	-	-	-	-	k	-	-	-	3	*k	
11	c	t	ʔ	ʔ	Ø	ʔ	-	ʔ	t	2	ʔ	
12	c	ŋ	ŋ	∼	ŋ	∼	-	∼	ŋ	2	ŋ	
13	c	n	n	∼	n	ŋ	ŋ	∼	n	9	n	
14	c	Ø	-	-	k	-	Ø	Ø	Ø	2	*k	
15	c	p	p	ʔ	p	ʔ	p	ʔ	p	9	p	
16	c	m	m	m	m	m	m	∼	m	10	m	
17	c	-	Ø	∼	ŋ	Ø	n	∼	-	2	-	
18	c	k	k	k	k	k	ts	ʔ	k	7	*k	
19	c	t	t	t	t	t	t	ʔ	t	7	t	
20	c	Ø	ʔ	ʔ	k	ʔ	Ø	-	Ø	2	*k	
21	c	Ø	Ø	∼	m	∼	Ø	∼	Ø	2	∼	
22	c	n	n	n	n	ŋ	n	∼	n	6	n	
23	c	Ø	ʔ	ʔ	k	k	k	ʔ	Ø	3	*k	
24	c	ʔ	-	∼	-	-	-	-	-	2	*ʔ/∼	
25	c	m	m	∼	m	∼	m	∼	Ø	2	m	
26	c	ʔ	-	Ø	t	ʔ	Ø	Ø	ʔ	2	ʔ	
27	c	t	t	ʔ	t	ʔ	t	ʔ	t	2	t	
28	c	Ø	-	-	-	-	n	∼	Ø	2	-	
29	c	-	ʔ	ʔ	ʔ	k	Ø	ʔ	ʔ	2	*k	
30	c	-	k	k	k	k	-	-	ʔ	2	*k	
31	c	-	-	ŋ	-	k	w	-	-	2	-	
32	c	Ø	-	k	-	-	k	ʔ	Ø	2	*k	
33	c	-	-	ʔ	-	-	w	-	-	2	-	
34	c	ŋ	ŋ	∼	ŋ	∼	nʲ	Ø	ŋ	1	ŋ	
35	c	ʔ	ʔ	ʔ	k	k	-	ʔ	ʔ	1	*k	
36	c	ʔ	-	-	k	k	Ø	-	-	1	*k	
37	c	Ø	m	∼	-	∼	Ø	Ø	Ø	1	∼	
38	c	Ø	k	k	-	k	Ø	Ø	k	1	*k	
39	c	Ø	t	t	t	k	Ø	Ø	Ø	1	t	
40	c	k	ʔ	ʔ	ʔ	ʔ	k	ʔ	ʔ	1	*k	
41	c	ŋ	k	k	k	k	ts	ʔ	k	1	k	
42	c	Ø	ʔ	ŋ	ŋ	ŋ	Ø	Ø	Ø	1	ŋ	
43	c	Ø	n	Ø	n	n	Ø	Ø	Ø	1	*n	
44	c	-	-	-	-	-	ts	ʔ	-	1	-	
45	c	Ø	m	∼	m	m	Ø	Ø	Ø	1	m	
46	c	t	p	p	p	p	p	ʔ	n	1	p	
47	c	ŋ	ŋ	ŋ	ŋ	ŋ	ŋ	∼	ŋ	1	ŋ	
48	c	ʔ	-	-	-	k	Ø	∼	-	1	*k	
49	c	t	t	ʔ	t	ʔ	-	ʔ	ʈ	1	t	
50	c	Ø	ʔ	ʔ	ʔ	k	w	-	ʔ	1	ʔ	
51	c	Ø	Ø	-	Ø	-	ŋ	∼	Ø	1	-	
52	c	t	t	t	t	t	ts	ʔ	t	1	t	
53	c	ʔ	Ø	ʔ	-	k	-	ʔ	ʔ	1	*k	
54	c	ŋ	ŋ	ŋ	ŋ	∼	Ø	Ø	ŋ	1	ŋ	
55	c	-	p	p	p	p	p	ʔ	t	1	p	
56	c	p	ʔ	ʔ	p	ʔ	Ø	ʔ	Ø	1	ʔ	
57	c	Ø	t	t	t	t	-	Ø	ʔ	1	t	
58	c	Ø	ŋ	ŋ	ŋ	∼	Ø	Ø	ʔ	1	ŋ	
59	c	ŋ	ŋ	∼	ŋ	∼	ŋ	-	Ø	1	ŋ	
60	c	ŋ	Ø	-	Ø	-	-	-	Ø	1	-	
61	c	Ø	n	n	Ø	m	Ø	Ø	Ø	1	n	
62	c	n	m	m	m	m	m	∼	n	1	m	
63	c	Ø	-	ŋ	Ø	ŋ	Ø	Ø	Ø	1	ŋ	
1	t	³¹	²¹	³⁵	⁵⁵	³⁵	⁵⁵	⁵⁵	³¹	37	⁵⁵	
2	t	³¹	²¹	³¹	³³	³⁵	⁵⁵	⁵⁵	³¹	29	³¹	
3	t	⁵⁵	⁵¹	⁵⁵	³³	³¹	-	²²	⁵⁵	33	⁵⁵	
4	t	⁵⁵	⁵¹	⁵⁵	³¹	³¹	-	²²	⁵⁵	23	⁵⁵	
5	t	⁵⁵	⁵⁵	⁵⁵	⁵⁵	⁵⁵	-	⁴	⁵⁵	27	⁵⁵	
6	t	⁵⁵	⁵¹	⁵⁵	³³	³¹	²²	²²	⁵⁵	5	⁵⁵	
7	t	³¹	²¹	³¹	³¹	³¹	-	⁵³	³¹	25	³¹	
8	t	⁵⁵	⁵¹	⁵⁵	³³	³¹	⁵⁵	⁵⁵	⁵⁵	3	⁵⁵	
9	t	⁵⁵	⁵¹	⁵⁵	³¹	³¹	²²	²²	⁵⁵	2	⁵⁵	
10	t	⁵⁵	²¹	³¹	³¹	³¹	-	⁴	⁵⁵	11	³¹	
11	t	³¹	Ø	⁵⁵	Ø	³¹	-	²²	³¹	2	³¹	
12	t	⁵⁵	⁵¹	⁵⁵	³¹	³¹	Ø	⁵⁵	⁵⁵	2	⁵⁵	
13	t	³¹	²¹	³¹	³³	³¹	-	⁵³	³¹	2	³¹	
14	t	³¹	²¹	³¹	³³	⁵⁵	⁵⁵	⁵⁵	³¹	6	³¹	
15	t	³¹	²¹	³¹	³³	³¹	⁵⁵	⁵⁵	³¹	3	³¹	
16	t	³¹	⁵⁵	⁵⁵	⁵⁵	⁵⁵	Ø	Ø	³¹	2	⁵⁵	
17	t	³¹	²¹	³¹	³¹	³¹	Ø	Ø	⁵⁵	2	³¹	
18	t	Ø	Ø	³¹	³¹	³¹	k	⁴	Ø	2	³¹	
19	t	³¹	Ø	Ø	⁵⁵	Ø	Ø	⁵³	³⁵	3	³¹	
20	t	Ø	⁵⁵	³⁵	⁵⁵	⁵⁵	-	⁵³	Ø	7	⁵⁵	
21	t	⁵⁵	⁵⁵	⁵⁵	⁵⁵	⁵⁵	k	⁴	⁵⁵	2	⁵⁵	
22	t	⁵⁵	⁵⁵	⁵⁵	⁵⁵	⁵⁵	t	⁴	⁵⁵	2	⁵⁵	
23	t	³¹	⁵⁵	³¹	⁵⁵	⁵⁵	-	⁵³	Ø	4	⁵⁵	
24	t	³¹	²¹	³⁵	³³	³⁵	⁵⁵	⁵⁵	³¹	2	³¹	
25	t	³⁵	⁵⁵	⁵⁵	⁵⁵	⁵⁵	-	Ø	Ø	2	⁵⁵	
26	t	⁵³	⁵⁵	⁵⁵	⁵⁵	⁵⁵	-	⁴	⁵⁵	2	⁵⁵	
27	t	³¹	⁵⁵	³⁵	⁵³	⁵⁵	Ø	⁵³	³¹	3	³¹	
28	t	³¹	⁵⁵	³⁵	⁵⁵	⁵⁵	⁵³	⁵³	³⁵	3	⁵⁵	
29	t	Ø	⁵⁵	⁵⁵	⁵⁵	⁵⁵	-	-	³⁵	2	⁵⁵	
30	t	⁵⁵	²¹	⁵⁵	⁵⁵	⁵⁵	-	⁴	⁵⁵	2	⁵⁵	
31	t	⁵⁵	⁵¹	⁵⁵	³³	⁵⁵	Ø	²²	⁵⁵	2	⁵⁵	
32	t	Ø	⁵⁵	⁵⁵	⁵⁵	³¹	Ø	Ø	Ø	2	⁵⁵	
33	t	Ø	⁵⁵	³⁵	³³	³⁵	Ø	Ø	Ø	2	³⁵	
34	t	³¹	⁵⁵	³⁵	⁵⁵	⁵⁵	⁵⁵	⁵⁵	³¹	2	⁵⁵	
35	t	Ø	⁵⁵	⁵⁵	³³	³¹	Ø	²²	Ø	2	⁵⁵	
36	t	Ø	⁵⁵	³¹	⁵⁵	³¹	Ø	Ø	³⁵	2	⁵⁵	
37	t	³¹	²¹	³⁵	⁵⁵	⁵⁵	⁵⁵	⁵⁵	³¹	2	⁵⁵	
38	t	³¹	²¹	³¹	³³	³⁵	⁵³	⁵³	⁵⁵	2	³¹	
39	t	⁵⁵	²¹	⁵⁵	³¹	³¹	-	⁴	⁵⁵	2	⁵⁵	
40	t	Ø	⁵¹	⁵⁵	⁵³	³¹	-	⁴	Ø	2	⁵¹	
41	t	⁵⁵	⁵⁵	⁵⁵	³¹	³¹	j	²²	⁵⁵	2	⁵⁵	
42	t	⁵⁵	²¹	Ø	³¹	⁵⁵	Ø	Ø	³¹	2	⁵⁵	
43	t	Ø	⁵⁵	³⁵	⁵³	³⁵	Ø	⁵⁵	Ø	2	⁵⁵	
44	t	Ø	⁵⁵	⁵⁵	⁵³	⁵⁵	-	²²	³¹	2	⁵⁵	
45	t	³¹	²¹	³⁵	³¹	³⁵	Ø	²²	³¹	2	³¹	
46	t	⁵⁵	⁵⁵	³¹	³³	³¹	-	⁴	⁵⁵	2	⁵⁵	
47	t	Ø	²¹	⁵⁵	³³	³¹	w	²²	⁵⁵	2	⁵⁵	
48	t	⁵⁵	⁵¹	⁵⁵	³¹	³¹	⁵⁵	Ø	⁵⁵	1	⁵⁵	
49	t	Ø	²¹	Ø	³³	-	-	⁵³	³¹	1	-	
50	t	³¹	²¹	³¹	³³	⁵⁵	⁵⁵	⁵⁵	⁵¹	1	⁵⁵	
51	t	⁵¹	Ø	Ø	⁵³	⁵⁵	-	²²	³¹	1	⁵¹	
52	t	Ø	⁵⁵	⁵⁵	-	⁵⁵	Ø	Ø	Ø	1	⁵⁵	
53	t	Ø	⁵¹	⁵⁵	³³	³¹	ŋ	²²	⁵⁵	1	⁵⁵	
54	t	³⁵	⁵⁵	⁵⁵	⁵⁵	⁵⁵	²²	²²	⁵⁵	1	⁵⁵	
55	t	³¹	⁵⁵	³⁵	⁵³	⁵⁵	⁵³	⁵³	³¹	1	⁵³	
56	t	⁵⁵	Ø	⁵⁵	³¹	³¹	-	²²	⁵¹	1	⁵⁵	
57	t	³⁵	²¹	³⁵	⁵³	⁵⁵	Ø	Ø	Ø	1	³⁵	
58	t	⁵⁵	⁵¹	⁵³	³³	³¹	j	²²	⁵⁵	1	⁵⁵	
59	t	⁵⁵	²¹	³¹	³¹	³⁵	Ø	Ø	⁵⁵	1	⁵⁵	
60	t	Ø	²¹	³¹	⁵³	³⁵	Ø	Ø	Ø	1	²¹	
61	t	⁵⁵	⁵¹	⁵⁵	³¹	³¹	j	²²	⁵⁵	1	⁵⁵	
62	t	Ø	Ø	³¹	Ø	³¹	⁵³	⁵³	Ø	1	³¹	
63	t	Ø	⁵⁵	³⁵	⁵⁵	³¹	Ø	⁵³	³¹	1	⁵⁵	
64	t	Ø	²¹	³¹	⁵⁵	³⁵	-	²²	Ø	1	²¹	
65	t	³¹	²¹	³¹	⁵⁵	⁵⁵	⁵⁵	⁵⁵	³¹	1	⁵⁵	
66	t	⁵⁵	⁵¹	³¹	³¹	³⁵	Ø	Ø	Ø	1	³¹	
67	t	³¹	²¹	³¹	³¹	³¹	-	⁴	³¹	1	³¹	
68	t	⁵⁵	⁵⁵	⁵⁵	⁵⁵	³¹	-	⁴	³¹	1	⁵⁵	
69	t	³¹	²¹	³¹	³³	³¹	⁵⁵	⁵⁵	⁵⁵	1	³¹	
70	t	³¹	⁵⁵	³⁵	⁵⁵	³⁵	⁵⁵	⁵⁵	³¹	1	⁵⁵	
71	t	⁵⁵	⁵¹	⁵⁵	³³	³¹	⁵³	⁵³	⁵⁵	1	⁵⁵	
72	t	Ø	⁵⁵	⁵⁵	⁵⁵	⁵⁵	-	²²	⁵⁵	1	⁵⁵	
73	t	Ø	²¹	³⁵	Ø	³¹	Ø	Ø	Ø	1	²¹	
74	t	³¹	²¹	⁵⁵	⁵⁵	³¹	-	⁵⁵	³¹	1	³¹	
75	t	⁵⁵	Ø	³¹	²¹	³¹	k	⁴	⁵⁵	1	⁵⁵	
76	t	³¹	²¹	Ø	³³	²¹	Ø	⁵⁵	³¹	1	³¹	
77	t	Ø	⁵⁵	³¹	⁵⁵	⁵⁵	Ø	Ø	⁵³	1	⁵⁵	
78	t	³¹	⁵⁵	⁵⁵	⁵⁵	³¹	-	⁴	⁵⁵	1	⁵⁵	
79	t	³¹	²¹	⁵⁵	⁵⁵	³¹	⁵⁵	⁵⁵	³¹	1	⁵⁵	
80	t	³¹	²¹	³¹	⁵⁵	³¹	Ø	⁴	³¹	1	³¹	
81	t	³⁵	⁵⁵	³⁵	⁵⁵	⁵⁵	⁵³	⁵³	³⁵	1	³⁵	
82	t	Ø	⁵¹	³¹	Ø	³¹	-	⁵³	Ø	1	³¹	
83	t	³¹	²¹	³¹	³¹	³¹	⁵⁵	⁵⁵	³¹	1	³¹	
84	t	³¹	⁵⁵	³¹	⁵⁵	⁵⁵	Ø	²²	³¹	1	³¹	
85	t	Ø	⁵¹	³¹	³¹	³¹	Ø	²²	Ø	1	³¹	
86	t	³¹	⁵⁵	⁵⁵	⁵⁵	⁵⁵	-	⁴	⁵⁵	1	⁵⁵	
87	t	⁵⁵	⁵¹	⁵⁵	³¹	³¹	ŋ	²²	⁵⁵	1	⁵⁵	
88	t	³¹	²¹	³¹	³³	-	⁵⁵	⁵⁵	³¹	1	³¹	
89	t	⁵⁵	⁵⁵	⁵⁵	⁵⁵	⁵⁵	-	⁵³	³¹	1	⁵⁵	
90	t	⁵⁵	⁵¹	⁵⁵	³³	³¹	j	²²	⁵⁵	1	⁵⁵	
